<?xml version="1.0" encoding="UTF-8"?>
<beans xmlns="http://www.springframework.org/schema/beans"
	xmlns:xsi="http://www.w3.org/2001/XMLSchema-instance"
	xmlns:context="http://www.springframework.org/schema/context"
	xsi:schemaLocation="http://www.springframework.org/schema/beans http://www.springframework.org/schema/beans/spring-beans.xsd
		http://www.springframework.org/schema/context http://www.springframework.org/schema/context/spring-context-4.3.xsd">

<!-- DataSource 빈 생성 코드 -->
	<bean 
	class="org.springframework.jdbc.datasource.DriverManagerDataSource"
	id="dataSource">
		<!-- 데이터베이스 종류 : Oracle -->
		<property name="driverClassName" 
			value="oracle.jdbc.driver.OracleDriver"/>
		<!-- 연결할 데이터베이스 URL -->
		<property name="url"
			value="jdbc:oracle:thin:@192.168.0.200:1521:xe"/>
		<!-- 사용할 데이터베이스 계정 -->
		<property name="username" value="user06"/>
		<!-- 사용활 계정의 비밀번호 -->
		<property name="password" value="user06" />
	</bean>
	
	<!-- MyBatis 사용을 위한 bean 설정 -->
	<bean id="sqlSessionFactory" class="org.mybatis.spring.SqlSessionFactoryBean">
	<!-- 연결할 데이터베이스 설정 -->
	<property name="dataSource" ref="dataSource" />
	<!-- 매퍼파일의 위치 설정 -->
	<property name="mapperLocations" value="mappers/good.xml" />
	</bean>
	<bean id="sqlSessionTemplate" class="org.mybatis.spring.SqlSessionTemplate">
	<constructor-arg name="sqlSessionFactory" ref="sqlSessionFactory"/>
	</bean>
	
<!-- 어노테이션을 사용할 수 있도록 해주는 설정 -->
<context:annotation-config />
<!-- bean을 자동 생성할 패키지 등록 -->
<context:component-scan base-package="mybatis" />

</beans>
