<?xml version="1.0" encoding="UTF-8"?>
<beans xmlns="http://www.springframework.org/schema/beans"
	xmlns:xsi="http://www.w3.org/2001/XMLSchema-instance"
	xmlns:context="http://www.springframework.org/schema/context"
	xsi:schemaLocation="http://www.springframework.org/schema/beans http://www.springframework.org/schema/beans/spring-beans.xsd
		http://www.springframework.org/schema/context http://www.springframework.org/schema/context/spring-context-4.3.xsd">

<!-- DataSource 빈 생성 코드 -->
	<bean 
	class="org.springframework.jdbc.datasource.DriverManagerDataSource"
	id="dataSource">
		<property name="driverClassName" 
			value="oracle.jdbc.driver.OracleDriver"/>
		<property name="url"
			value="jdbc:oracle:thin:@192.168.0.76:1521:xe"/>
		<property name="username" value="user06"/>
		<property name="password" value="123456" />
	</bean>
	
	<!-- XML을 이용해서 MyBatis 연동을 할 때 사용하는 Bean -->
	<bean id="sqlSessionFactory" class="org.mybatis.spring.SqlSessionFactoryBean">
	<!-- 앞에서 만든 DataSource의 id를 설정 -->
		<property name="dataSource" ref="dataSource" />
		<!-- 환경 설정 파일의 경로를 설정 : 생략 가능 -->
		<property name="configuration" value="mybatis-config.xml" />
		<!-- 매퍼 파일의 경로를 설정 : 필수 -->
		<property name = "mapperLocations" value="mappers/good.xml" />
	</bean>
	<!-- 위에서 id를 변경하지 않는 한 고정 -->
	<bean id="sqlSession" class="org.mybatis.spring.SqlSessionTemplate">
		<constructor-arg 
			name="sqlSessionFactory"
			ref="sqlSessionFactory" />
	</bean>
	
	<context:annotation-config />
	<context:component-scan base-package="mybatis" />

</beans>
